{
  "bg": {
    "pageTitle": "Калкулатор на цени",
    "vehicleWeight": "Тегло на МПС",
    "selectWeight": "Изберете тегло...",
    "distance": "Километри (еднопосочно)",
    "enterDistance": "Въведете км...",
    "distanceNote": "* Таксуват се км от точка на тръгване до точка на разтоварване и обратно",
    "additionalServices": "Допълнителни услуги",
    "calculate": "Изчисли цената",
    "totalPrice": "Обща цена:",
    "breakdown": "Разбивка:",
    "basePrice": "Базова цена",
    "allPricesIncludeVAT": "✅ Всички цени включват ДДС",
    "paymentMethods": "💳 Плащане: Брой / Карта / Revolut",
    "invoiceOnSite": "🧾 Фактура на момента",
    "pleaseEnter": "Моля попълнете тегло на МПС и километри!",
    "roundTrip": "км х 2"
  },
  "en": {
    "pageTitle": "Price Calculator",
    "vehicleWeight": "Vehicle Weight",
    "selectWeight": "Select weight...",
    "distance": "Kilometers (one-way)",
    "enterDistance": "Enter km...",
    "distanceNote": "* Charged for km from pickup point to delivery and back",
    "additionalServices": "Additional Services",
    "calculate": "Calculate Price",
    "totalPrice": "Total Price:",
    "breakdown": "Breakdown:",
    "basePrice": "Base Price",
    "allPricesIncludeVAT": "✅ All prices include VAT",
    "paymentMethods": "💳 Payment: Cash / Card / Revolut",
    "invoiceOnSite": "🧾 Invoice on site",
    "pleaseEnter": "Please enter vehicle weight and kilometers!",
    "roundTrip": "km x 2"
  },
  "ro": {
    "pageTitle": "Calculator de Prețuri",
    "vehicleWeight": "Greutatea Vehiculului",
    "selectWeight": "Selectați greutatea...",
    "distance": "Kilometri (un sens)",
    "enterDistance": "Introduceți km...",
    "distanceNote": "* Se taxează km de la punctul de preluare la livrare și retur",
    "additionalServices": "Servicii Adiționale",
    "calculate": "Calculează Prețul",
    "totalPrice": "Preț Total:",
    "breakdown": "Detalii:",
    "basePrice": "Preț de Bază",
    "allPricesIncludeVAT": "✅ Toate prețurile includ TVA",
    "paymentMethods": "💳 Plată: Numerar / Card / Revolut",
    "invoiceOnSite": "🧾 Factură pe loc",
    "pleaseEnter": "Vă rugăm introduceți greutatea vehiculului și kilometri!",
    "roundTrip": "km x 2"
  },
  "tr": {
    "pageTitle": "Fiyat Hesaplayıcı",
    "vehicleWeight": "Araç Ağırlığı",
    "selectWeight": "Ağırlık seçin...",
    "distance": "Kilometre (tek yön)",
    "enterDistance": "Km girin...",
    "distanceNote": "* Alış noktasından teslimat ve geri dönüş için km ücretlendirilir",
    "additionalServices": "Ek Hizmetler",
    "calculate": "Fiyatı Hesapla",
    "totalPrice": "Toplam Fiyat:",
    "breakdown": "Detaylar:",
    "basePrice": "Temel Fiyat",
    "allPricesIncludeVAT": "✅ Tüm fiyatlar KDV dahildir",
    "paymentMethods": "💳 Ödeme: Nakit / Kart / Revolut",
    "invoiceOnSite": "🧾 Yerinde fatura",
    "pleaseEnter": "Lütfen araç ağırlığı ve kilometre girin!",
    "roundTrip": "km x 2"
  }
}